[ {
  "id" : "6914fd39524bac647a21cd07",
  "nombreCientifico" : "Danaus plexippus",
  "nombreComun" : "Mariposa monarca",
  "familia" : "Nymphalidae",
  "tipoEspecie" : "diurna",
  "descripcion" : "Very large, with FW long and drawn out. Above, bright, burnt-orange with black veins and black margins sprinkled with white dots; FW tip broadly black interrupted by larger white and orange spots. Below, paler, duskier orange. 1 black spot appears between HW cell and margin on male above and below. Female darker with black veins smudged.",
  "imagenes" : [ "images/0010001.png", "images/0010002.png", "images/0010011.png", "images/0010004.png", "images/0010005.png", "images/0010006.png", "images/0010007.png", "images/0010008.png", "images/0010009.png", "images/0010010.png" ],
  "imagenesDetalladas" : {
    "alaIzquierda" : "images/0010020.png",
    "alaDerecha" : "images/0010021.png",
    "antenas" : "images/0010022.png",
    "cuerpo" : "images/0010023.png",
    "patas" : "images/0010024.png",
    "cabeza" : "images/0010025.png"
  },
  "caracteristicasMorfo" : {
    "color" : "anaranjado con negro",
    "tamanoAlas" : "grande",
    "formaAntenas" : "filiformes"
  },
  "ubicacionRecoleccion" : {
    "timestamp" : 1762982861,
    "date" : 1762982861000
  },
  "fechaRegistro" : 1762905600000,
  "registradoPor" : {
    "timestamp" : 1762980348,
    "date" : 1762980348000
  },
  "ubicacion_recoleccion" : "6914fbcd524bac647a21ccfd",
  "registrado_por" : "6914f1fc524bac647a21ccfa"
}, {
  "id" : "6914fd3a524bac647a21cd09",
  "nombreCientifico" : "Heliconius erato",
  "nombreComun" : "Crimson-patched Longwing",
  "familia" : "Nymphalidae",
  "tipoEspecie" : "diurna",
  "descripcion" : "Wings long, narrow, and rounded. Black above, crossed on FW by broad crimson patch, and on HW by narrow yellow line. Below, similar but red is pinkish and HW has less yellow.",
  "imagenes" : [ "images/0030001.png", "images/0030002.png", "images/0030003.png", "images/0030004.png", "images/0030005.png", "images/0030006.png", "images/0030007.png", "images/0030008.png", "images/0030009.png", "images/0030010.png" ],
  "imagenesDetalladas" : {
    "alaIzquierda" : "images/0030020.png",
    "alaDerecha" : "images/0030021.png",
    "antenas" : "images/0030022.png",
    "cuerpo" : "images/0030023.png",
    "patas" : "images/0030024.png",
    "cabeza" : "images/0030025.png"
  },
  "caracteristicasMorfo" : {
    "color" : "negro con rojo",
    "tamanoAlas" : "mediano",
    "formaAntenas" : "delgadas"
  },
  "ubicacionRecoleccion" : {
    "timestamp" : 1762982861,
    "date" : 1762982861000
  },
  "fechaRegistro" : 1762905600000,
  "registradoPor" : {
    "timestamp" : 1762980348,
    "date" : 1762980348000
  },
  "ubicacion_recoleccion" : "6914fbcd524bac647a21ccff",
  "registrado_por" : "6914f1fc524bac647a21ccfb"
}, {
  "id" : "6914fd3a524bac647a21cd0a",
  "nombreCientifico" : "Junonia coenia",
  "nombreComun" : "Common Buckeye",
  "familia" : "Nymphalidae",
  "tipoEspecie" : "diurna",
  "descripcion" : "Wings scalloped and rounded except at drawn-out FW tip. Highly variable. Above, tawny-brown to dark brown; 2 orange bars in FW cell, orange submarginal band on HW, white band diagonally crossing FW. 2 bright eyespots on each wing above: on FW, 1 very small near tip and 1 large eyespot in white FW bar; on HW, 1 large eyespot near upper margin and 1 small eyespot below it. Eyespots black, yellow-rimmed, with iridescent blue and lilac irises. Beneath, FW resembles above in lighter shades; HW eyespots tiny or absent, rose-brown to tan, with vague crescent-shaped markings.",
  "imagenes" : [ "images/0040001.png", "images/0040002.png", "images/0040003.png", "images/0040013.png", "images/0040015.png", "images/0040017.png", "images/0040018.png", "images/0040019.png", "images/0040009.png", "images/0040010.png" ],
  "imagenesDetalladas" : {
    "alaIzquierda" : "images/0040036.png",
    "alaDerecha" : "images/0040037.png",
    "antenas" : "images/0040038.png",
    "cuerpo" : "images/0040042.png",
    "patas" : "images/0040044.png",
    "cabeza" : "images/0040045.png"
  },
  "caracteristicasMorfo" : {
    "color" : "marrón con manchas circulares",
    "tamanoAlas" : "mediano",
    "formaAntenas" : "clubiformes"
  },
  "ubicacionRecoleccion" : {
    "timestamp" : 1762982861,
    "date" : 1762982861000
  },
  "fechaRegistro" : 1762905600000,
  "registradoPor" : {
    "timestamp" : 1762980348,
    "date" : 1762980348000
  },
  "ubicacion_recoleccion" : "6914fbcd524bac647a21cd00",
  "registrado_por" : "6914f1fc524bac647a21ccfc"
}, {
  "id" : "6914fd3b524bac647a21cd0b",
  "nombreCientifico" : "Lycaena phlaeas",
  "nombreComun" : "American Copper",
  "familia" : "Lycaenidae",
  "tipoEspecie" : "diurna",
  "descripcion" : "Above, FW bright copper or brass-colored with dark spots and margin; HW dark brown with copper margin. Undersides mostly grayish with black dots; FW has some orange, HW has prominent submarginal orange band.",
  "imagenes" : [ "images/0050001.png", "images/0050002.png", "images/0050003.png", "images/0050004.png", "images/0050005.png", "images/0050006.png", "images/0050007.png", "images/0050008.png", "images/0050009.png", "images/0050010.png" ],
  "imagenesDetalladas" : {
    "alaIzquierda" : "images/0050030.png",
    "alaDerecha" : "images/0050031.png",
    "antenas" : "images/0050032.png",
    "cuerpo" : "images/0050034.png",
    "patas" : "images/0050035.png",
    "cabeza" : "images/0050036.png"
  },
  "caracteristicasMorfo" : {
    "color" : "anaranjado con bordes negros",
    "tamanoAlas" : "pequeño",
    "formaAntenas" : "delgadas"
  },
  "ubicacionRecoleccion" : {
    "timestamp" : 1762982861,
    "date" : 1762982861000
  },
  "fechaRegistro" : 1762905600000,
  "registradoPor" : {
    "timestamp" : 1762980348,
    "date" : 1762980348000
  },
  "ubicacion_recoleccion" : "6914fbcd524bac647a21cd01",
  "registrado_por" : "6914f1fc524bac647a21ccf8"
}, {
  "id" : "6914fd3b524bac647a21cd0c",
  "nombreCientifico" : "Nymphalis antiopa",
  "nombreComun" : "Mourning Cloak",
  "familia" : "Nymphalidae",
  "tipoEspecie" : "diurna",
  "descripcion" : "Large. Wing margins ragged. Dark with pale margins. Above, rich brownish-maroon, iridescent at close range, with ragged, cream-yellow band, bordered inwardly by brilliant blue spots all along both wings. Below, striated, ash-black with row of blue-green to blue-gray chevrons just inside dirty yellow border.",
  "imagenes" : [ "images/0060021.png", "images/0060023.png", "images/0060025.png", "images/0060026.png", "images/0060029.png", "images/0060030.png", "images/0060007.png", "images/0060034.png", "images/0060009.png", "images/0060036.png" ],
  "imagenesDetalladas" : {
    "alaIzquierda" : "images/0060046.png",
    "alaDerecha" : "images/0060047.png",
    "antenas" : "images/0060048.png",
    "cuerpo" : "images/0060049.png",
    "patas" : "images/0060050.png",
    "cabeza" : "images/0060054.png"
  },
  "caracteristicasMorfo" : {
    "color" : "marrón oscuro con amarillo",
    "tamanoAlas" : "grande",
    "formaAntenas" : "anchas"
  },
  "ubicacionRecoleccion" : {
    "timestamp" : 1762982861,
    "date" : 1762982861000
  },
  "fechaRegistro" : 1762905600000,
  "registradoPor" : {
    "timestamp" : 1762980348,
    "date" : 1762980348000
  },
  "ubicacion_recoleccion" : "6914fbcd524bac647a21cd02",
  "registrado_por" : "6914f1fc524bac647a21ccf8"
}, {
  "id" : "6914fd3c524bac647a21cd0d",
  "nombreCientifico" : "Papilio cresphontes",
  "nombreComun" : "Giant Swallowtail",
  "familia" : "Papilionidae",
  "tipoEspecie" : "diurna",
  "descripcion" : "Very large. Long, dark, spoon-shaped tails have yellow center. Dark brownish-black above with 2 broad bands of yellow spots converging at tip of FW. Orange spot at corner of HW flanked by blue spot above; both recur below, but blue continuing in chevrons across underwing, which also has orange patch. Otherwise, yellow below with black veins and borders. Abdomen yellow with broad black midline tapering at tip; notch on top of abdomen near rear. Thorax has yellow lengthwise spots or stripes.",
  "imagenes" : [ "images/0070001.png", "images/0070011.png", "images/0070003.png", "images/0070004.png", "images/0070005.png", "images/0070006.png", "images/0070007.png", "images/0070008.png", "images/0070012.png", "images/0070010.png" ],
  "imagenesDetalladas" : {
    "alaIzquierda" : "images/0070030.png",
    "alaDerecha" : "images/0070032.png",
    "antenas" : "images/0070033.png",
    "cuerpo" : "images/0070034.png",
    "patas" : "images/0070036.png",
    "cabeza" : "images/0070037.png"
  },
  "caracteristicasMorfo" : {
    "color" : "amarillo y negro",
    "tamanoAlas" : "grande",
    "formaAntenas" : "clubiformes"
  },
  "ubicacionRecoleccion" : {
    "timestamp" : 1762982861,
    "date" : 1762982861000
  },
  "fechaRegistro" : 1762905600000,
  "registradoPor" : {
    "timestamp" : 1762980348,
    "date" : 1762980348000
  },
  "ubicacion_recoleccion" : "6914fbcd524bac647a21cd03",
  "registrado_por" : "6914f1fc524bac647a21ccfc"
}, {
  "id" : "6914fd3d524bac647a21cd0e",
  "nombreCientifico" : "Pieris rapae",
  "nombreComun" : "Cabbage White",
  "familia" : "Pieridae",
  "tipoEspecie" : "diurna",
  "descripcion" : "Milk-white above with charcoal FW tips, black submarginal sex spots on FW (1 on male, 2 on female) and on HW costa. Below, FW tip and HW pale to bright mustard-yellow, speckled with grayish spots and black FW spots.",
  "imagenes" : [ "images/0080001.png", "images/0080002.png", "images/0080003.png", "images/0080004.png", "images/0080005.png", "images/0080006.png", "images/0080007.png", "images/0080008.png", "images/0080009.png", "images/0080010.png" ],
  "imagenesDetalladas" : {
    "alaIzquierda" : "images/0080030.png",
    "alaDerecha" : "images/0080031.png",
    "antenas" : "images/0080032.png",
    "cuerpo" : "images/0080033.png",
    "patas" : "images/0080034.png",
    "cabeza" : "images/0080035.png"
  },
  "caracteristicasMorfo" : {
    "color" : "blanco con manchas negras",
    "tamanoAlas" : "pequeño",
    "formaAntenas" : "clubiformes"
  },
  "ubicacionRecoleccion" : {
    "timestamp" : 1762982861,
    "date" : 1762982861000
  },
  "fechaRegistro" : 1762905600000,
  "registradoPor" : {
    "timestamp" : 1762980348,
    "date" : 1762980348000
  },
  "ubicacion_recoleccion" : "6914fbcd524bac647a21cd04",
  "registrado_por" : "6914f1fc524bac647a21ccf7"
}, {
  "id" : "6914fd3d524bac647a21cd0f",
  "nombreCientifico" : "Vanessa atalanta",
  "nombreComun" : "Red Admiral",
  "familia" : "Nymphalidae",
  "tipoEspecie" : "nocturna",
  "descripcion" : "FW tip extended, clipped. Above, black with orange-red to vermilion bars across FW and on HW border. Below, mottled black, brown, and blue with pink bar on FW. White spots at FW tip above and below, bright blue patch on lower HW angle above and below.",
  "imagenes" : [ "images/0090001.png", "images/0090011.png", "images/0090013.png", "images/0090014.png", "images/0090022.png", "images/0090006.png", "images/0090024.png", "images/0090027.png", "images/0090028.png", "images/0090010.png" ],
  "imagenesDetalladas" : {
    "alaIzquierda" : "images/0090041.png",
    "alaDerecha" : "images/0090044.png",
    "antenas" : "images/0090049.png",
    "cuerpo" : "images/0090053.png",
    "patas" : "images/0090054.png",
    "cabeza" : "images/0090060.png"
  },
  "caracteristicasMorfo" : {
    "color" : "negro con rojo y blanco",
    "tamanoAlas" : "mediano",
    "formaAntenas" : "filiformes"
  },
  "ubicacionRecoleccion" : {
    "timestamp" : 1762982861,
    "date" : 1762982861000
  },
  "fechaRegistro" : 1762905600000,
  "registradoPor" : {
    "timestamp" : 1762980348,
    "date" : 1762980348000
  },
  "ubicacion_recoleccion" : "6914fbcd524bac647a21cd05",
  "registrado_por" : "6914f1fc524bac647a21ccfa"
}, {
  "id" : "6914fd3e524bac647a21cd10",
  "nombreCientifico" : "Vanessa cardui",
  "nombreComun" : "Painted Lady",
  "familia" : "Nymphalidae",
  "tipoEspecie" : "diurna",
  "descripcion" : "FW tip extended slightly, rounded. Above, salmon-orange with black blotches, black-patterned margins, and broadly black FW tips with clear white spots; outer HW crossed by small black-rimmed blue spots. Below, FW dominantly rose-pink with olive, black, and white pattern; HW has small blue spots on olive background with white webwork. FW above and below has white bar running from costa across black patch near tip.",
  "imagenes" : [ "images/0100012.png", "images/0100016.png", "images/0100003.png", "images/0100018.png", "images/0100005.png", "images/0100006.png", "images/0100019.png", "images/0100008.png", "images/0100009.png", "images/0100020.png" ],
  "imagenesDetalladas" : {
    "alaIzquierda" : "images/0100041.png",
    "alaDerecha" : "images/0100042.png",
    "antenas" : "images/0100044.png",
    "cuerpo" : "images/0100045.png",
    "patas" : "images/0100047.png",
    "cabeza" : "images/0100050.png"
  },
  "caracteristicasMorfo" : {
    "color" : "naranja con negro y blanco",
    "tamanoAlas" : "mediano",
    "formaAntenas" : "filiformes"
  },
  "ubicacionRecoleccion" : {
    "timestamp" : 1762982861,
    "date" : 1762982861000
  },
  "fechaRegistro" : 1762905600000,
  "registradoPor" : {
    "timestamp" : 1762980348,
    "date" : 1762980348000
  },
  "ubicacion_recoleccion" : "6914fbcd524bac647a21cd06",
  "registrado_por" : "6914f1fc524bac647a21ccfb"
}, {
  "id" : "6920fb101e8539ca5c6e9e2d",
  "nombreCientifico" : "Actualizado",
  "nombreComun" : "Nueva mariposa",
  "familia" : "Nueva familia",
  "tipoEspecie" : "Insecto",
  "descripcion" : "Descripcion nueva",
  "imagenes" : [ "/uploads/imagen1.jpg", "/uploads/imagen2.jpg" ],
  "imagenesDetalladas" : {
    "alaIzquierda" : "/uploads/ala_izq.jpg",
    "alaDerecha" : "/uploads/ala_der.jpg",
    "antenas" : "/uploads/antenas.jpg",
    "cuerpo" : "/uploads/cuerpo.jpg",
    "patas" : "/uploads/patas.jpg",
    "cabeza" : "/uploads/cabeza.jpg"
  },
  "caracteristicasMorfo" : {
    "color" : "Azul",
    "tamanoAlas" : "10 cm",
    "formaAntenas" : "Rectas"
  },
  "ubicacionRecoleccion" : {
    "timestamp" : 1731861782,
    "date" : 1731861782000
  },
  "fechaRegistro" : 1739183400000,
  "registradoPor" : {
    "timestamp" : 1731862307,
    "date" : 1731862307000
  },
  "ubicacion_recoleccion" : "673a1d166f5b3a4e75b7a2df",
  "registrado_por" : "673a1f238c1e784c0eab2f01"
}, {
  "id" : "692170d2d17f82d4df84ca9a",
  "nombreCientifico" : "efv",
  "nombreComun" : "ejemplo221",
  "familia" : "jhgf",
  "tipoEspecie" : "nocturna",
  "descripcion" : "bgf v",
  "imagenes" : [ ],
  "imagenesDetalladas" : {
    "alaIzquierda" : null,
    "alaDerecha" : null,
    "antenas" : null,
    "cuerpo" : null,
    "patas" : null,
    "cabeza" : null
  },
  "caracteristicasMorfo" : {
    "color" : "sdc",
    "tamanoAlas" : "32",
    "formaAntenas" : "devf "
  },
  "ubicacionRecoleccion" : {
    "timestamp" : 1763775559,
    "date" : 1763775559000
  },
  "fechaRegistro" : 1763799232772,
  "registradoPor" : {
    "timestamp" : 1762980348,
    "date" : 1762980348000
  },
  "ubicacion_recoleccion" : "692114471e8539ca5c6e9ec9",
  "registrado_por" : "6914f1fc524bac647a21ccf9"
}, {
  "id" : "6921714e087138863689d0e4",
  "nombreCientifico" : "Heliconius charithonius",
  "nombreComun" : "Zebra Longwing",
  "familia" : "Nymphalidae",
  "tipoEspecie" : "diurna",
  "descripcion" : "Wings long and narrow. Jet-black above, banded with lemon-yellow (sometimes pale yellow). Beneath similar; bases of wings have crimson spots.",
  "imagenes" : [ "images/0020015.png", "images/0020016.png", "images/0020003.png", "images/0020004.png", "images/0020017.png", "images/0020020.png", "images/0020021.png", "images/0020008.png", "images/0020023.png", "images/0020024.png" ],
  "imagenesDetalladas" : {
    "alaIzquierda" : "images/0020040.png",
    "alaDerecha" : "images/0020041.png",
    "antenas" : "images/0020042.png",
    "cuerpo" : "images/0020044.png",
    "patas" : "images/0020046.png",
    "cabeza" : "images/0020050.png"
  },
  "caracteristicasMorfo" : {
    "color" : "negro con rayas amarillas",
    "tamanoAlas" : "mediano",
    "formaAntenas" : "largas"
  },
  "ubicacionRecoleccion" : {
    "timestamp" : 1762982861,
    "date" : 1762982861000
  },
  "fechaRegistro" : 1762905600000,
  "registradoPor" : {
    "timestamp" : 1762980348,
    "date" : 1762980348000
  },
  "ubicacion_recoleccion" : "6914fbcd524bac647a21ccfe",
  "registrado_por" : "6914f1fc524bac647a21ccf7"
}, {
  "id" : "692173ccf05d9bddfb0e487f",
  "nombreCientifico" : "MARIPUSUS MAXIMUS",
  "nombreComun" : "MARIPOSUS",
  "familia" : "Real mezquite",
  "tipoEspecie" : "mariposa",
  "descripcion" : "es una mariposa de color azulado y de morado",
  "imagenes" : [ ],
  "imagenesDetalladas" : {
    "alaIzquierda" : null,
    "alaDerecha" : null,
    "antenas" : null,
    "cuerpo" : null,
    "patas" : null,
    "cabeza" : null
  },
  "caracteristicasMorfo" : {
    "color" : "azul",
    "tamanoAlas" : "900",
    "formaAntenas" : "curvadas hacia el norte"
  },
  "ubicacionRecoleccion" : {
    "timestamp" : 1762982861,
    "date" : 1762982861000
  },
  "fechaRegistro" : 1763799916499,
  "registradoPor" : {
    "timestamp" : 1762980348,
    "date" : 1762980348000
  },
  "ubicacion_recoleccion" : "6914fbcd524bac647a21cd04",
  "registrado_por" : "6914f1fc524bac647a21ccf8"
} ]