[ {
  "id" : "69150306524bac647a21cd12",
  "especieId" : {
    "timestamp" : 1762983225,
    "date" : 1762983225000
  },
  "usuarioId" : {
    "timestamp" : 1762980348,
    "date" : 1762980348000
  },
  "comentario" : "Ejemplar observado en una zona de bosque seco tropical, se notó su característico patrón naranja y negro.",
  "fecha" : 1762007400000,
  "usuario_id" : "6914f1fc524bac647a21ccf2",
  "especie_id" : "6914fd39524bac647a21cd07"
}, {
  "id" : "69150306524bac647a21cd13",
  "especieId" : {
    "timestamp" : 1762983226,
    "date" : 1762983226000
  },
  "usuarioId" : {
    "timestamp" : 1762980348,
    "date" : 1762980348000
  },
  "comentario" : "Encontrada cerca de flores rojas; comportamiento muy activo durante la mañana.",
  "fecha" : 1762161300000,
  "usuario_id" : "6914f1fc524bac647a21ccf3",
  "especie_id" : "6914fd3a524bac647a21cd09"
}, {
  "id" : "69150306524bac647a21cd14",
  "especieId" : {
    "timestamp" : 1762983228,
    "date" : 1762983228000
  },
  "usuarioId" : {
    "timestamp" : 1762980348,
    "date" : 1762980348000
  },
  "comentario" : "Ejemplar de gran tamaño, fotografiado alimentándose en una planta de cítricos.",
  "fecha" : 1762340400000,
  "usuario_id" : "6914f1fc524bac647a21ccf4",
  "especie_id" : "6914fd3c524bac647a21cd0d"
}, {
  "id" : "69150306524bac647a21cd15",
  "especieId" : {
    "timestamp" : 1762983230,
    "date" : 1762983230000
  },
  "usuarioId" : {
    "timestamp" : 1762980348,
    "date" : 1762980348000
  },
  "comentario" : "Identificada durante la revisión del material recolectado, ejemplar bien conservado.",
  "fecha" : 1762533900000,
  "usuario_id" : "6914f1fc524bac647a21ccf7",
  "especie_id" : "6914fd3e524bac647a21cd10"
}, {
  "id" : "69150306524bac647a21cd16",
  "especieId" : {
    "timestamp" : 1762983225,
    "date" : 1762983225000
  },
  "usuarioId" : {
    "timestamp" : 1762980348,
    "date" : 1762980348000
  },
  "comentario" : "Segundo registro de la especie en la misma zona, posible periodo de migración.",
  "fecha" : 1762763400000,
  "usuario_id" : "6914f1fc524bac647a21ccf3",
  "especie_id" : "6914fd39524bac647a21cd07"
}, {
  "id" : "69210b441e8539ca5c6e9e8b",
  "especieId" : {
    "timestamp" : 1734331152,
    "date" : 1734331152000
  },
  "usuarioId" : {
    "timestamp" : 1734323337,
    "date" : 1734323337000
  },
  "comentario" : "Actualización: se observó nuevamente cerca del río",
  "fecha" : 1763820000000,
  "usuario_id" : "675fac890a8c9d3d4321f0d1",
  "especie_id" : "675fcb10a8c9d3eaab1200d5"
}, {
  "id" : "6921775fd17f82d4df84caa9",
  "especieId" : {
    "timestamp" : 1762983226,
    "date" : 1762983226000
  },
  "usuarioId" : {
    "timestamp" : 1762980348,
    "date" : 1762980348000
  },
  "comentario" : "Encontrada con varias mariposas cerca de un río.",
  "fecha" : 1763800927635,
  "usuario_id" : "6914f1fc524bac647a21ccf9",
  "especie_id" : "6914fd3a524bac647a21cd09"
} ]