[ {
  "id" : "6914fbcd524bac647a21ccfd",
  "localidad" : "Reserva Natural El Encanto",
  "municipio" : "Medellín",
  "departamento" : "Antioquia",
  "pais" : "Colombia",
  "geolocalizacion" : {
    "latitud" : 6.2442,
    "longitud" : -75.5812
  },
  "ecosistema" : "Bosque húmedo tropical"
}, {
  "id" : "6914fbcd524bac647a21ccfe",
  "localidad" : "Parque Nacional Farallones",
  "municipio" : "Cali",
  "departamento" : "Valle del Cauca",
  "pais" : "Colombia",
  "geolocalizacion" : {
    "latitud" : 3.4516,
    "longitud" : -76.532
  },
  "ecosistema" : "Bosque andino"
}, {
  "id" : "6914fbcd524bac647a21ccff",
  "localidad" : "Reserva La Mesenia",
  "municipio" : "Jardín",
  "departamento" : "Antioquia",
  "pais" : "Colombia",
  "geolocalizacion" : {
    "latitud" : 5.6004,
    "longitud" : -75.8197
  },
  "ecosistema" : "Bosque nublado"
}, {
  "id" : "6914fbcd524bac647a21cd00",
  "localidad" : "Santuario Otún Quimbaya",
  "municipio" : "Pereira",
  "departamento" : "Risaralda",
  "pais" : "Colombia",
  "geolocalizacion" : {
    "latitud" : 4.75,
    "longitud" : -75.5
  },
  "ecosistema" : "Selva húmeda"
}, {
  "id" : "6914fbcd524bac647a21cd01",
  "localidad" : "Reserva El Paujil",
  "municipio" : "Puerto Boyacá",
  "departamento" : "Boyacá",
  "pais" : "Colombia",
  "geolocalizacion" : {
    "latitud" : 5.95,
    "longitud" : -74.5
  },
  "ecosistema" : "Bosque húmedo tropical"
}, {
  "id" : "6914fbcd524bac647a21cd02",
  "localidad" : "Parque Tayrona",
  "municipio" : "Santa Marta",
  "departamento" : "Magdalena",
  "pais" : "Colombia",
  "geolocalizacion" : {
    "latitud" : 11.2868,
    "longitud" : -74.0021
  },
  "ecosistema" : "Bosque seco tropical"
}, {
  "id" : "6914fbcd524bac647a21cd03",
  "localidad" : "Reserva Río Claro",
  "municipio" : "Sonsón",
  "departamento" : "Antioquia",
  "pais" : "Colombia",
  "geolocalizacion" : {
    "latitud" : 5.9,
    "longitud" : -74.85
  },
  "ecosistema" : "Bosque húmedo tropical"
}, {
  "id" : "6914fbcd524bac647a21cd04",
  "localidad" : "Reserva Nukak",
  "municipio" : "San José del Guaviare",
  "departamento" : "Guaviare",
  "pais" : "Colombia",
  "geolocalizacion" : {
    "latitud" : 2.5667,
    "longitud" : -72.6333
  },
  "ecosistema" : "Selva amazónica"
}, {
  "id" : "6914fbcd524bac647a21cd05",
  "localidad" : "Reserva La Planada",
  "municipio" : "Ricaurte",
  "departamento" : "Nariño",
  "pais" : "Colombia",
  "geolocalizacion" : {
    "latitud" : 1.2,
    "longitud" : -78.1
  },
  "ecosistema" : "Bosque montano"
}, {
  "id" : "6914fbcd524bac647a21cd06",
  "localidad" : "Parque Natural Chingaza",
  "municipio" : "Guasca",
  "departamento" : "Cundinamarca",
  "pais" : "Colombia",
  "geolocalizacion" : {
    "latitud" : 4.75,
    "longitud" : -73.8333
  },
  "ecosistema" : "Páramo"
}, {
  "id" : "692114471e8539ca5c6e9ec9",
  "localidad" : "Chapinero",
  "municipio" : "Bogotá",
  "departamento" : "Cundinamarca",
  "pais" : "Colombia",
  "geolocalizacion" : {
    "latitud" : 4.654321,
    "longitud" : -74.123456
  },
  "ecosistema" : "Bosque andino"
} ]