[ {
  "id" : "6914f1fc524bac647a21ccf2",
  "nombre" : "Carlos Ramírez",
  "correo" : "carlos.ramirez@example.com",
  "contrasena" : "123Hola",
  "rol" : "usuario",
  "fechaRegistro" : 1736937000000
}, {
  "id" : "6914f1fc524bac647a21ccf3",
  "nombre" : "Laura Fernández",
  "correo" : "laura.fernandez@example.com",
  "contrasena" : "Lau098",
  "rol" : "usuario",
  "fechaRegistro" : 1739197200000
}, {
  "id" : "6914f1fc524bac647a21ccf4",
  "nombre" : "Andrés Gómez",
  "correo" : "andres.gomez@example.com",
  "contrasena" : "Andresito4312",
  "rol" : "usuario",
  "fechaRegistro" : 1741164300000
}, {
  "id" : "6914f1fc524bac647a21ccf5",
  "nombre" : "Sofia Herrera",
  "correo" : "sofia.herrera@example.com",
  "contrasena" : "claveNueva123",
  "rol" : "usuario",
  "fechaRegistro" : 1744449000000
}, {
  "id" : "6914f1fc524bac647a21ccf6",
  "nombre" : "Daniel Castro",
  "correo" : "daniel.castro@example.com",
  "contrasena" : "Daniel258",
  "rol" : "usuario",
  "fechaRegistro" : 1747932900000
}, {
  "id" : "6914f1fc524bac647a21ccf7",
  "nombre" : "María Torres",
  "correo" : "maria.torres@example.com",
  "contrasena" : "Asdfg1234",
  "rol" : "administrador",
  "fechaRegistro" : 1735732800000
}, {
  "id" : "6914f1fc524bac647a21ccf8",
  "nombre" : "Julián Herrera",
  "correo" : "julian.herrera@example.com",
  "contrasena" : "Mon654321",
  "rol" : "administrador",
  "fechaRegistro" : 1740483600000
}, {
  "id" : "6914f1fc524bac647a21ccf9",
  "nombre" : "Ana López",
  "correo" : "admin@example.com",
  "contrasena" : "1234",
  "rol" : "administrador",
  "fechaRegistro" : 1742289900000
}, {
  "id" : "6914f1fc524bac647a21ccfa",
  "nombre" : "Yenaro Gracia",
  "correo" : "yenaro@example.com",
  "contrasena" : "Abc123",
  "rol" : "administrador",
  "fechaRegistro" : 1742289900000
}, {
  "id" : "6914f1fc524bac647a21ccfb",
  "nombre" : "Sharon Abella",
  "correo" : "sharon@example.com",
  "contrasena" : "123Abc",
  "rol" : "administrador",
  "fechaRegistro" : 1742289900000
}, {
  "id" : "6914f1fc524bac647a21ccfc",
  "nombre" : "Alan Basante",
  "correo" : "alan@example.com",
  "contrasena" : "Contrasena987",
  "rol" : "administrador",
  "fechaRegistro" : 1742289900000
}, {
  "id" : "691d5ec14bd67e633bc7715f",
  "nombre" : "Samuel",
  "correo" : "samuel@example.com",
  "contrasena" : "12345",
  "rol" : "usuario",
  "fechaRegistro" : 1763532481653
}, {
  "id" : "691e2cc38c4e53df4e44de5e",
  "nombre" : "miguel",
  "correo" : "miguel@example.com",
  "contrasena" : "123123w",
  "rol" : "usuario",
  "fechaRegistro" : 1763585218806
} ]